{

    "metadata" :
    {
        "formatVersion" : 3.1,
        "sourceFile"    : "SampleScene.obj",
        "generatedBy"   : "OBJConverter",
        "vertices"      : 130,
        "faces"         : 62,
        "normals"       : 0,
        "colors"        : 0,
        "uvs"           : 0,
        "materials"     : 0
    },

    "scale" : 1.000000,

    "materials": [	{
	"DbgColor" : 15658734,
	"DbgIndex" : 0,
	"DbgName" : "default"
	}],

    "vertices": [-2.000000,0.083333,0.000000,-1.166667,0.083333,0.000000,-1.166667,0.083333,0.666667,-2.000000,0.083333,0.833333,-2.333333,0.083333,1.166667,-2.000000,0.083333,0.833333,-1.166667,0.083333,0.666667,-0.666667,0.083333,1.166667,-4.166667,0.083333,0.666667,-3.666667,0.083333,1.166667,-4.333333,0.083333,1.166667,-4.333333,0.083333,0.000000,-4.166667,0.083333,0.000000,-4.166667,0.083333,0.666667,-4.333333,0.083333,1.166667,-0.833333,0.083333,4.166667,0.000000,0.083333,4.166667,0.000000,0.083333,4.333333,-4.333333,0.083333,4.333333,-0.666667,0.083333,1.166667,0.000000,0.083333,1.166667,0.000000,0.083333,2.000000,-0.833333,0.083333,2.000000,-4.333333,0.083333,4.333333,-4.333333,0.083333,1.166667,-3.666667,0.083333,1.166667,-1.166667,0.083333,2.333333,-1.166667,0.083333,3.833333,-0.666667,0.083333,1.166667,-0.833333,0.083333,2.000000,-1.166667,0.083333,2.333333,-2.333333,0.083333,1.166667,-1.166667,0.083333,3.833333,-0.833333,0.083333,4.166667,-4.333333,0.083333,4.333333,-3.666667,0.083333,1.166667,-2.333333,0.083333,1.166667,-1.166667,0.083333,2.333333,4.333333,0.083333,1.166667,3.666667,0.083333,1.166667,4.000000,0.083333,0.833333,4.000000,0.083333,0.833333,4.000000,0.083333,0.000000,4.333333,0.083333,0.000000,4.333333,0.083333,1.166667,1.000000,0.083333,0.000000,1.833333,0.083333,0.000000,1.833333,0.083333,0.666667,1.000000,0.083333,0.833333,0.666667,0.083333,1.166667,1.000000,0.083333,0.833333,1.833333,0.083333,0.666667,2.333333,0.083333,1.166667,0.000000,0.083333,2.000000,0.000000,0.083333,1.166667,0.666667,0.083333,1.166667,0.000000,0.083333,4.333333,0.000000,0.083333,4.166667,1.000000,0.083333,3.833333,4.333333,0.083333,4.333333,1.000000,0.083333,2.333333,0.000000,0.083333,2.000000,0.666667,0.083333,1.166667,2.333333,0.083333,1.166667,3.666667,0.083333,1.166667,4.333333,0.083333,1.166667,4.333333,0.083333,4.333333,1.000000,0.083333,3.833333,1.000000,0.083333,2.333333,1.000000,0.083333,2.333333,2.333333,0.083333,1.166667,3.666667,0.083333,1.166667,0.000000,0.083333,-4.333333,0.000000,0.083333,-4.000000,-0.833333,0.083333,-4.000000,-4.333333,0.083333,-4.333333,-0.833333,0.083333,-1.833333,0.000000,0.083333,-1.833333,0.000000,0.083333,-1.000000,-0.833333,0.083333,-1.000000,-3.833333,0.083333,-1.000000,-4.333333,0.083333,-1.000000,-4.333333,0.083333,-4.333333,-1.166667,0.083333,-2.166667,-0.833333,0.083333,-1.833333,-0.833333,0.083333,-1.000000,-2.333333,0.083333,-1.000000,-4.333333,0.083333,-4.333333,-0.833333,0.083333,-4.000000,-1.166667,0.083333,-3.666667,-1.166667,0.083333,-3.666667,-1.166667,0.083333,-2.166667,-2.333333,0.083333,-1.000000,-3.833333,0.083333,-1.000000,-4.333333,0.083333,-4.333333,-1.166667,0.083333,0.000000,-2.000000,0.083333,0.000000,-2.333333,0.083333,-1.000000,-0.833333,0.083333,-1.000000,-4.166667,0.083333,0.000000,-4.333333,0.083333,0.000000,-4.333333,0.083333,-1.000000,-3.833333,0.083333,-1.000000,0.666667,0.083333,-1.000000,0.000000,0.083333,-1.000000,0.000000,0.083333,-1.833333,1.000000,0.083333,-3.666667,0.000000,0.083333,-4.000000,0.000000,0.083333,-4.333333,4.333333,0.083333,-4.333333,0.666667,0.083333,-1.000000,0.000000,0.083333,-1.833333,1.000000,0.083333,-2.166667,2.166667,0.083333,-1.000000,4.333333,0.083333,-4.333333,4.333333,0.083333,-1.000000,3.666667,0.083333,-1.000000,1.000000,0.083333,-2.166667,1.000000,0.083333,-3.666667,3.666667,0.083333,-1.000000,2.166667,0.083333,-1.000000,1.000000,0.083333,-2.166667,4.000000,0.083333,0.000000,3.666667,0.083333,-1.000000,4.333333,0.083333,-1.000000,4.333333,0.083333,0.000000,1.833333,0.083333,0.000000,1.000000,0.083333,0.000000,0.666667,0.083333,-1.000000,2.166667,0.083333,-1.000000],

    "morphTargets": [],

    "morphColors": [],

    "normals": [],

    "colors": [],

    "uvs": [[]],

    "faces": [2,0,2,1,0,2,0,3,2,0,2,4,6,5,0,2,4,7,6,0,2,8,10,9,0,2,11,13,12,0,2,11,14,13,0,2,15,17,16,0,2,15,18,17,0,2,19,21,20,0,2,19,22,21,0,2,23,25,24,0,2,23,26,25,0,2,23,27,26,0,2,28,30,29,0,2,28,31,30,0,2,32,34,33,0,2,35,37,36,0,2,38,40,39,0,2,41,43,42,0,2,41,44,43,0,2,45,47,46,0,2,45,48,47,0,2,49,51,50,0,2,49,52,51,0,2,53,55,54,0,2,56,58,57,0,2,56,59,58,0,2,60,62,61,0,2,60,63,62,0,2,64,66,65,0,2,64,67,66,0,2,64,68,67,0,2,69,71,70,0,2,72,74,73,0,2,72,75,74,0,2,76,78,77,0,2,76,79,78,0,2,80,82,81,0,2,83,85,84,0,2,83,86,85,0,2,87,89,88,0,2,90,92,91,0,2,90,93,92,0,2,90,94,93,0,2,95,97,96,0,2,95,98,97,0,2,99,101,100,0,2,99,102,101,0,2,103,105,104,0,2,106,108,107,0,2,106,109,108,0,2,110,112,111,0,2,110,113,112,0,2,114,116,115,0,2,114,117,116,0,2,114,118,117,0,2,119,121,120,0,2,122,124,123,0,2,122,125,124,0,2,126,128,127,0,2,126,129,128,0]

}
