{

    "metadata" :
    {
        "formatVersion" : 3.1,
        "sourceFile"    : "SampleScene.obj",
        "generatedBy"   : "OBJConverter",
        "vertices"      : 220,
        "faces"         : 100,
        "normals"       : 0,
        "colors"        : 0,
        "uvs"           : 0,
        "materials"     : 0
    },

    "scale" : 1.000000,

    "materials": [	{
	"DbgColor" : 15658734,
	"DbgIndex" : 0,
	"DbgName" : "default"
	}],

    "vertices": [0.666667,0.083333,-1.000000,0.000000,0.083333,-1.000000,0.000000,0.083333,-1.833333,1.000000,0.083333,-3.666667,0.000000,0.083333,-4.000000,0.000000,0.083333,-4.333333,4.333333,0.083333,-4.333333,0.666667,0.083333,-1.000000,0.000000,0.083333,-1.833333,1.000000,0.083333,-2.166667,2.166667,0.083333,-1.000000,4.333333,0.083333,-4.333333,4.333333,0.083333,-1.000000,3.666667,0.083333,-1.000000,1.000000,0.083333,-2.166667,1.000000,0.083333,-3.666667,3.666667,0.083333,-1.000000,2.166667,0.083333,-1.000000,1.000000,0.083333,-2.166667,4.000000,0.083333,0.000000,3.666667,0.083333,-1.000000,4.333333,0.083333,-1.000000,4.333333,0.083333,0.000000,1.833333,0.083333,0.000000,1.000000,0.083333,0.000000,0.666667,0.083333,-1.000000,2.166667,0.083333,-1.000000,-2.000000,0.083333,0.000000,-2.333333,0.083333,-0.333333,-1.166667,0.083333,-0.333333,-1.166667,0.083333,0.000000,0.000000,0.083333,-4.333333,0.000000,0.083333,-4.000000,-0.833333,0.083333,-4.000000,-4.333333,0.083333,-4.333333,-3.833333,0.083333,-2.500000,-4.333333,0.083333,-2.833333,-4.333333,0.083333,-4.333333,-0.833333,0.083333,-4.000000,-1.166667,0.083333,-3.666667,-1.166667,0.083333,-3.666667,-1.166667,0.083333,-2.166667,-3.833333,0.083333,-2.500000,-1.166667,0.083333,-2.166667,-0.833333,0.083333,-1.833333,-4.166667,0.416667,-1.666667,-3.833333,0.083333,-2.500000,-6.833333,1.750000,-2.166667,-6.333333,1.916667,-1.666667,-15.666670,1.750000,-1.666667,-15.666670,1.750000,-4.333333,-6.833333,1.750000,-4.333333,-6.833333,1.750000,-2.166667,-15.666670,1.750000,-1.666667,-6.833333,1.750000,0.000000,-11.833330,1.750000,0.000000,-11.833330,1.750000,-0.500000,-6.333333,1.916667,-0.500000,-13.666670,1.750000,-1.000000,-15.666670,1.750000,-1.000000,-15.666670,1.750000,-1.666667,-12.166670,1.750000,-1.000000,-15.666670,1.750000,-1.666667,-6.333333,1.916667,-1.666667,-0.833333,0.083333,-1.000000,-12.166670,1.750000,-1.000000,-13.666670,1.750000,-1.000000,-15.666670,1.750000,-1.666667,-6.333333,1.916667,-1.666667,-4.166667,0.416667,-1.666667,-0.833333,0.083333,-1.000000,-0.833333,0.083333,-1.000000,-1.166667,0.083333,-0.500000,-4.166667,0.416667,-0.500000,-0.833333,0.083333,-1.000000,-4.166667,0.416667,-0.500000,-6.333333,1.916667,-0.500000,-6.333333,1.916667,-0.500000,-11.833330,1.750000,-0.500000,-12.166670,1.750000,-1.000000,-0.833333,0.083333,-1.000000,-14.000000,1.750000,0.000000,-15.666670,1.750000,0.000000,-15.666670,1.750000,-1.000000,-13.666670,1.750000,-1.000000,-1.166667,0.083333,-0.500000,-1.166667,0.083333,-0.333333,-2.333333,0.083333,-0.333333,-2.333333,0.083333,-0.333333,-4.000000,0.250000,-0.166666,-4.166667,0.416667,-0.500000,-1.166667,0.083333,-0.500000,-0.833333,0.083333,-1.000000,-4.166667,0.416667,-1.666667,-0.833333,0.083333,-1.833333,0.000000,0.083333,-1.833333,0.000000,0.083333,-1.000000,4.333333,0.083333,1.166667,3.666667,0.083333,1.166667,4.000000,0.083333,0.833333,4.000000,0.083333,0.833333,4.000000,0.083333,0.000000,4.333333,0.083333,0.000000,4.333333,0.083333,1.166667,1.000000,0.083333,0.000000,1.833333,0.083333,0.000000,1.833333,0.083333,0.666667,1.000000,0.083333,0.833333,0.666667,0.083333,1.166667,1.000000,0.083333,0.833333,1.833333,0.083333,0.666667,2.333333,0.083333,1.166667,0.000000,0.083333,2.000000,0.000000,0.083333,1.166667,0.666667,0.083333,1.166667,0.000000,0.083333,4.333333,0.000000,0.083333,4.166667,1.000000,0.083333,3.833333,4.333333,0.083333,4.333333,1.000000,0.083333,2.333333,0.000000,0.083333,2.000000,0.666667,0.083333,1.166667,2.333333,0.083333,1.166667,3.666667,0.083333,1.166667,4.333333,0.083333,1.166667,4.333333,0.083333,4.333333,1.000000,0.083333,3.833333,1.000000,0.083333,2.333333,1.000000,0.083333,2.333333,2.333333,0.083333,1.166667,3.666667,0.083333,1.166667,-9.666667,1.750000,2.333333,-6.833333,1.750000,4.333333,-15.666670,1.750000,4.333333,-15.666670,1.750000,2.333333,-2.000000,0.083333,0.000000,-1.166667,0.083333,0.000000,-1.166667,0.083333,0.666667,-2.000000,0.083333,1.500000,-2.000000,0.083333,0.000000,-1.166667,0.083333,0.666667,-0.666667,0.083333,1.166667,-6.833333,1.750000,0.000000,-6.833333,1.750000,0.166667,-8.166667,1.750000,0.166667,-9.666667,1.750000,0.166667,-11.833330,1.750000,0.166667,-11.833330,1.750000,0.000000,-9.666667,1.750000,0.166667,-11.833330,1.750000,0.000000,-6.833333,1.750000,0.000000,-8.166667,1.750000,0.166667,-14.000000,1.750000,0.833333,-13.666670,1.750000,1.166667,-15.666670,1.750000,1.166667,-15.666670,1.750000,0.000000,-14.000000,1.750000,0.000000,-14.000000,1.750000,0.833333,-15.666670,1.750000,1.166667,-6.833333,1.750000,2.333333,-8.166667,1.750000,2.333333,-7.833333,1.750000,2.000000,-7.833333,1.750000,0.500000,-8.166667,1.750000,0.166667,-6.833333,1.750000,0.166667,-6.833333,1.750000,2.333333,-7.833333,1.750000,2.000000,-7.833333,1.750000,0.500000,-6.833333,1.750000,0.166667,-10.000000,1.750000,1.166667,-12.166670,1.750000,1.166667,-11.833330,1.750000,0.166667,-9.666667,1.750000,0.166667,-4.333333,0.083333,1.833333,-4.166667,0.083333,0.666667,-4.166667,0.083333,1.500000,-3.833333,0.083333,1.833333,-4.333333,0.083333,1.833333,-4.166667,0.083333,1.500000,-15.666670,1.750000,2.333333,-15.666670,1.750000,1.166667,-13.666670,1.750000,1.166667,-12.166670,1.750000,1.166667,-10.000000,1.750000,1.166667,-10.000000,1.750000,2.000000,-12.166670,1.750000,1.166667,-10.000000,1.750000,2.000000,-9.666667,1.750000,2.333333,-15.666670,1.750000,2.333333,-13.666670,1.750000,1.166667,-0.833333,0.083333,4.166667,0.000000,0.083333,4.166667,0.000000,0.083333,4.333333,-4.333333,0.083333,4.333333,-9.666667,1.750000,2.333333,-8.166667,1.750000,2.333333,-6.833333,1.750000,4.333333,-1.166667,0.083333,3.833333,-0.833333,0.083333,4.166667,-4.333333,0.083333,4.333333,-2.333333,0.083333,1.833333,-0.833333,0.083333,2.000000,-1.166667,0.083333,2.333333,-2.333333,0.083333,1.833333,-1.166667,0.083333,2.333333,-1.166667,0.083333,3.833333,-4.333333,0.083333,4.333333,-3.833333,0.083333,1.833333,-4.333333,0.083333,4.333333,-4.333333,0.083333,1.833333,-3.833333,0.083333,1.833333,-8.166667,1.750000,2.333333,-6.833333,1.750000,2.333333,-6.833333,1.750000,4.333333,-0.666667,0.083333,1.166667,0.000000,0.083333,1.166667,0.000000,0.083333,2.000000,-0.833333,0.083333,2.000000,-2.333333,0.083333,1.833333,-2.000000,0.083333,1.500000],

    "morphTargets": [],

    "morphColors": [],

    "normals": [],

    "colors": [],

    "uvs": [[]],